ID,Type,SKU,"GTIN, UPC, EAN, or ISBN",Name,Published,"Is featured?","Visibility in catalog","Short description",Description,"Date sale price starts","Date sale price ends","Tax status","Tax class","In stock?",Stock,"Low stock amount","Backorders allowed?","Sold individually?","Weight (kg)","Length (cm)","Width (cm)","Height (cm)","Allow customer reviews?","Purchase note","Sale price","Regular price",Categories,Tags,"Shipping class",Images,"Download limit","Download expiry days",Parent,"Grouped products",Upsells,Cross-sells,"External URL","Button text",Position,Brands
,simple,CLO-121,,Men's Performance Polo,1,0,visible,,"A moisture-wicking polo shirt designed for active wear. Perfect for golf or a casual day out.",,,taxable,,1,,,0,0,,,,,1,,,39.99,"Men > T-Shirts",,,https://images.pexels.com/photos/428340/pexels-photo-428340.jpeg?auto=compress&cs=tinysrgb&w=600,,,,,,,,,0,
,simple,CLO-122,,Women's High-Waist Leggings,1,0,visible,,"Stretchy and supportive high-waist leggings, perfect for yoga, running, or casual comfort.",,,taxable,,1,,,0,0,,,,,1,,,49.99,"Women > Pants",,,https://images.pexels.com/photos/1852382/pexels-photo-1852382.jpeg?auto=compress&cs=tinysrgb&w=600,,,,,,,,,0,
,simple,CLO-123,,Classic Leather Belt,1,0,visible,,"Made from 100% genuine leather with a timeless silver buckle. A wardrobe essential.",,,taxable,,1,,,0,0,,,,,1,,,34.50,"Accessories > Belts",,,https://images.pexels.com/photos/1183266/pexels-photo-1183266.jpeg?auto=compress&cs=tinysrgb&w=600,,,,,,,,,0,
,simple,CLO-124,,Unisex Aviator Sunglasses,1,0,visible,,"Classic aviator sunglasses with 100% UV protection and a lightweight metal frame.",,,taxable,,1,,,0,0,,,,,1,,,55.00,"Accessories > Sunglasses",,,https://images.pexels.com/photos/2204560/pexels-photo-2204560.jpeg?auto=compress&cs=tinysrgb&w=600,,,,,,,,,0,
,simple,CLO-125,,Men's Bomber Jacket,1,0,visible,,"A stylish nylon bomber jacket with a quilted lining. Perfect for transitional weather.",,,taxable,,1,,,0,0,,,,,1,,,89.99,"Men > Jackets",,,https://images.pexels.com/photos/3755706/pexels-photo-3755706.jpeg?auto=compress&cs=tinysrgb&w=600,,,,,,,,,0,
,simple,CLO-126,,Women's Floral Maxi Dress,1,0,visible,,"A flowing, floor-length maxi dress with a beautiful floral print and v-neckline.",,,taxable,,1,,,0,0,,,,,1,,,79.99,"Women > Dresses",,,https://images.pexels.com/photos/5082490/pexels-photo-5082490.jpeg?auto=compress&cs=tinysrgb&w=600,,,,,,,,,0,
,simple,CLO-127,,Men's Cargo Shorts,1,0,visible,,"Durable cotton cargo shorts with multiple pockets for utility and style. Knee-length fit.",,,taxable,,1,,,0,0,,,,,1,,,45.00,"Men > Pants > Shorts",,,https://images.pexels.com/photos/4066291/pexels-photo-4066291.jpeg?auto=compress&cs=tinysrgb&w=600,,,,,,,,,0,
,simple,CLO-128,,Women's Denim Jacket,1,0,visible,,"A timeless denim jacket in a medium wash. Perfect for layering over any outfit.",,,taxable,,1,,,0,0,,,,,1,,,69.50,"Women > Jackets",,,https://images.pexels.com/photos/1656684/pexels-photo-1656684.jpeg?auto=compress&cs=tinysrgb&w=600,,,,,,,,,0,
,simple,CLO-129,,Unisex Sports Backpack,1,0,visible,,"A durable, water-resistant backpack with a laptop sleeve and multiple compartments.",,,taxable,,1,,,0,0,,,,,1,,,59.99,"Accessories > Bags",,,https://images.pexels.com/photos/7679883/pexels-photo-7679883.jpeg?auto=compress&cs=tinysrgb&w=600,,,,,,,,,0,
,simple,CLO-130,,Men's V-Neck Sweater,1,0,visible,,"A soft, fine-knit v-neck sweater made from a premium cotton-cashmere blend.",,,taxable,,1,,,0,0,,,,,1,,,64.99,"Men > Knitwear",,,https://images.pexels.com/photos/4965545/pexels-photo-4965545.jpeg?auto=compress&cs=tinysrgb&w=600,,,,,,,,,0,
,simple,CLO-131,,Women's Silk Blouse,1,0,visible,,"An elegant long-sleeve blouse made from 100% pure silk. Features a button-front and classic collar.",,,taxable,,1,,,0,0,,,,,1,,,85.00,"Women > Tops",,,https://images.pexels.com/photos/4619747/pexels-photo-4619747.jpeg?auto=compress&cs=tinysrgb&w=600,,,,,,,,,0,
,simple,CLO-132,,Men's Linen Shirt,1,0,visible,,"A breathable, lightweight linen shirt perfect for warm weather. Features a relaxed fit and button-down collar.",,,taxable,,1,,,0,0,,,,,1,,,54.99,"Men > T-Shirts",,,https://images.pexels.com/photos/6311687/pexels-photo-6311687.jpeg?auto=compress&cs=tinysrgb&w=600,,,,,,,,,0,
,simple,CLO-133,,Women's Pencil Skirt,1,0,visible,,"A classic, high-waist pencil skirt with a tailored fit. Hits just below the knee, perfect for the office.",,,taxable,,1,,,0,0,,,,,1,,,49.99,"Women > Skirts",,,https://images.pexels.com/photos/1598507/pexels-photo-1598507.jpeg?auto=compress&cs=tinysrgb&w=600,,,,,,,,,0,
,simple,CLO-134,,Men's Swim Trunks,1,0,visible,,"Quick-dry swim trunks with a comfortable mesh lining and a vibrant pattern.",,,taxable,,1,,,0,0,,,,,1,,,32.00,"Men > Swimwear",,,https://images.pexels.com/photos/1755428/pexels-photo-1755428.jpeg?auto=compress&cs=tinysrgb&w=600,,,,,,,,,0,
,simple,CLO-135,,Women's Knit Cardigan,1,0,visible,,"A cozy, open-front knit cardigan with two front pockets. Perfect for layering.",,,taxable,,1,,,0,0,,,,,1,,,58.00,"Women > Knitwear",,,https://images.pexels.com/photos/10332856/pexels-photo-10332856.jpeg?auto=compress&cs=tinysrgb&w=600,,,,,,,,,0,
,simple,CLO-136,,Unisex Wool Scarf,1,0,visible,,"A soft, oversized scarf made from a warm wool blend. Available in multiple solid colors.",,,taxable,,1,,,0,0,,,,,1,,,39.99,"Accessories > Scarves",,,https://images.pexels.com/photos/985635/pexels-photo-985635.jpeg?auto=compress&cs=tinysrgb&w=600,,,,,,,,,0,
,simple,CLO-137,,Men's Flannel Shirt,1,0,visible,,"A classic plaid flannel shirt made from thick, soft-brushed cotton. A fall essential.",,,taxable,,1,,,0,0,,,,,1,,,49.99,"Men > T-Shirts",,,https://images.pexels.com/photos/322207/pexels-photo-322207.jpeg?auto=compress&cs=tinysrgb&w=600,,,,,,,,,0,
,simple,CLO-138,,Women's Sports Bra,1,0,visible,,"A high-support sports bra with moisture-wicking fabric and a comfortable racerback design.",,,taxable,,1,,,0,0,,,,,1,,,35.00,"Women > Sportswear",,,https://images.pexels.com/photos/1878821/pexels-photo-1878821.jpeg?auto=compress&cs=tinysrgb&w=600,,,,,,,,,0,
,simple,CLO-139,,Men's Dress Socks (3-Pack),1,0,visible,,"A pack of three comfortable, stylish dress socks in assorted patterns. Made from a cotton blend.",,,taxable,,1,,,0,0,,,,,1,,,22.99,"Men > Accessories",,,https://images.pexels.com/photos/1124468/pexels-photo-1124468.jpeg?auto=compress&cs=tinysrgb&w=600,,,,,,,,,0,
,simple,CLO-140,,Women's Trench Coat,1,0,visible,,"A double-breasted trench coat with a belted waist. Water-resistant and fully lined.",,,taxable,,1,,,0,0,,,,,1,,,129.99,"Women > Jackets",,,https://images.pexels.com/photos/4034515/pexels-photo-4034515.jpeg?auto=compress&cs=tinysrgb&w=600,,,,,,,,,0,
,simple,CLO-141,,Men's Wool Peacoat,1,0,visible,,"A classic double-breasted peacoat made from a heavy wool blend. Features anchor-imprinted buttons.",,,taxable,,1,,,0,0,,,,,1,,,149.99,"Men > Jackets",,,https://images.pexels.com/photos/428340/pexels-photo-428340.jpeg?auto=compress&cs=tinysrgb&w=600,,,,,,,,,0,
,simple,CLO-142,,Women's Ankle Boots,1,0,visible,,"Stylish faux-leather ankle boots with a side zipper and a comfortable block heel.",,,taxable,,1,,,0,0,,,,,1,,,79.50,"Women > Shoes",,,https://images.pexels.com/photos/1852382/pexels-photo-1852382.jpeg?auto=compress&cs=tinysrgb&w=600,,,,,,,,,0,
,simple,CLO-143,,Men's Athletic Shorts,1,0,visible,,"Lightweight, breathable athletic shorts with an elastic waistband and side pockets.",,,taxable,,1,,,0,0,,,,,1,,,29.99,"Men > Pants > Shorts",,,https://images.pexels.com/photos/1183266/pexels-photo-1183266.jpeg?auto=compress&cs=tinysrgb&w=600,,,,,,,,,0,
,simple,CLO-144,,Women's Jumpsuit,1,0,visible,,"A chic and comfortable wide-leg jumpsuit with a tie-waist. Easily dressed up or down.",,,taxable,,1,,,0,0,,,,,1,,,74.99,"Women > Dresses",,,https://images.pexels.com/photos/2204560/pexels-photo-2204560.jpeg?auto=compress&cs=tinysrgb&w=600,,,,,,,,,0,
,simple,CLO-145,,Unisex Panama Hat,1,0,visible,,"A stylish, hand-woven Panama hat perfect for sun protection and a classic summer look.",,,taxable,,1,,,0,0,,,,,1,,,48.00,"Accessories > Hats",,,https://images.pexels.com/photos/3755706/pexels-photo-3755706.jpeg?auto=compress&cs=tinysrgb&w=600,,,,,,,,,0,
,simple,CLO-146,,Men's Straight-Fit Jeans,1,0,visible,,"A classic straight-fit jean in a versatile dark wash. Made with durable stretch denim.",,,taxable,,1,,,0,0,,,,,1,,,69.99,"Men > Jeans",,,https://images.pexels.com/photos/5082490/pexels-photo-5082490.jpeg?auto=compress&cs=tinysrgb&w=600,,,,,,,,,0,
,simple,CLO-147,,Women's A-Line Skirt,1,0,visible,,"A flattering A-line skirt with a button-front detail. Made from a soft corduroy fabric.",,,taxable,,1,,,0,0,,,,,1,,,45.00,"Women > Skirts",,,https://images.pexels.com/photos/4066291/pexels-photo-4066291.jpeg?auto=compress&cs=tinysrgb&w=600,,,,,,,,,0,
,simple,CLO-148,,Men's Puffer Vest,1,0,visible,,"A lightweight, packable puffer vest. Provides core warmth without the bulk. Water-resistant shell.",,,taxable,,1,,,0,0,,,,,1,,,65.00,"Men > Jackets",,,https://images.pexels.com/photos/1656684/pexels-photo-1656684.jpeg?auto=compress&cs=tinysrgb&w=600,,,,,,,,,0,
,simple,CLO-149,,Women's Wide-Leg Trousers,1,0,visible,,"Elegant high-waist, wide-leg trousers. Made from a flowing, lightweight fabric.",,,taxable,,1,,,0,0,,,,,1,,,59.99,"Women > Pants",,,https://images.pexels.com/photos/7679883/pexels-photo-7679883.jpeg?auto=compress&cs=tinysrgb&w=600,,,,,,,,,0,
,simple,CLO-150,,Unisex Leather Gloves,1,0,visible,,"Soft, touchscreen-compatible leather gloves with a warm fleece lining.",,,taxable,,1,,,0,0,,,,,1,,,42.00,"Accessories > Gloves",,,https://images.pexels.com/photos/4965545/pexels-photo-4965545.jpeg?auto=compress&cs=tinysrgb&w=600,,,,,,,,,0,
,simple,CLO-151,,Men's Oxford Shirt,1,0,visible,,"A classic button-down Oxford shirt. 100% cotton, perfect for smart-casual wear.",,,taxable,,1,,,0,0,,,,,1,,,49.50,"Men > T-Shirts",,,https://images.pexels.com/photos/4619747/pexels-photo-4619747.jpeg?auto=compress&cs=tinysrgb&w=600,,,,,,,,,0,
,simple,CLO-152,,Women's Off-Shoulder Top,1,0,visible,,"A trendy off-the-shoulder top with ruffled details. Made from a light, airy cotton.",,,taxable,,1,,,0,0,,,,,1,,,38.00,"Women > Tops",,,https://images.pexels.com/photos/6311687/pexels-photo-6311687.jpeg?auto=compress&cs=tinysrgb&w=600,,,,,,,,,0,
,simple,CLO-153,,Men's Formal Trousers,1,0,visible,,"Slim-fit formal trousers made from a high-quality wool blend. Ideal for business wear.",,,taxable,,1,,,0,0,,,,,1,,,75.00,"Men > Pants",,,https://images.pexels.com/photos/1598507/pexels-photo-1598507.jpeg?auto=compress&cs=tinysrgb&w=600,,,,,,,,,0,
,simple,CLO-154,,Women's Faux Fur Coat,1,0,visible,,"A glamorous and cozy faux fur coat with a large collar and hidden closures.",,,taxable,,1,,,0,0,,,,,1,,,139.99,"Women > Jackets",,,https://images.pexels.com/photos/1755428/pexels-photo-1755428.jpeg?auto=compress&cs=tinysrgb&w=600,,,,,,,,,0,
,simple,CLO-155,,Men's Leather Sneakers,1,0,visible,,"Classic white leather sneakers with a clean, minimalist design. Comfortable for all-day wear.",,,taxable,,1,,,0,0,,,,,1,,,89.00,"Men > Shoes",,,https://images.pexels.com/photos/10332856/pexels-photo-10332856.jpeg?auto=compress&cs=tinysrgb&w=600,,,,,,,,,0,
,simple,CLO-156,,Women's Crossbody Bag,1,0,visible,,"A compact and stylish crossbody bag in faux leather, with an adjustable strap and multiple zip pockets.",,,taxable,,1,,,0,0,,,,,1,,,44.99,"Accessories > Bags",,,https://images.pexels.com/photos/985635/pexels-photo-985635.jpeg?auto=compress&cs=tinysrgb&w=600,,,,,,,,,0,
,simple,CLO-157,,Men's Knit Beanie,1,0,visible,,"A classic ribbed-knit beanie made from a soft wool-acrylic blend. One size fits all.",,,taxable,,1,,,0,0,,,,,1,,,24.99,"Accessories > Hats",,,https://images.pexels.com/photos/322207/pexels-photo-322207.jpeg?auto=compress&cs=tinysrgb&w=600,,,,,,,,,0,
,simple,CLO-158,,Women's Denim Shorts,1,0,visible,,"High-rise denim shorts with a frayed hem and a classic 5-pocket design.",,,taxable,,1,,,0,0,,,,,1,,,40.00,"Women > Pants > Shorts",,,https://images.pexels.com/photos/1878821/pexels-photo-1878821.jpeg?auto=compress&cs=tinysrgb&w=600,,,,,,,,,0,
,simple,CLO-159,,Men's Terry Cloth Robe,1,0,visible,,"A plush, absorbent terry cloth robe with a shawl collar and tie-waist. Perfect for lounging.",,,taxable,,1,,,0,0,,,,,1,,,68.00,"Men > Loungewear",,,https://images.pexels.com/photos/1124468/pexels-photo-1124468.jpeg?auto=compress&cs=tinysrgb&w=600,,,,,,,,,0,
,simple,CLO-160,,Women's Satin Pajama Set,1,0,visible,,"A luxurious satin pajama set including a button-down top and matching pants.",,,taxable,,1,,,0,0,,,,,1,,,59.99,"Women > Loungewear",,,https://images.pexels.com/photos/4034515/pexels-photo-4034515.jpeg?auto=compress&cs=tinysrgb&w=600,,,,,,,,,0,
,simple,CLO-161,,Men's Half-Zip Pullover,1,0,visible,,"A sporty half-zip pullover made from performance fleece. Great for layering.",,,taxable,,1,,,0,0,,,,,1,,,55.00,"Men > Sweatshirts",,,https://images.pexels.com/photos/428340/pexels-photo-428340.jpeg?auto=compress&cs=tinysrgb&w=600,,,,,,,,,0,
,simple,CLO-162,,Women's Turtleneck Top,1,0,visible,,"A slim-fit, long-sleeve turtleneck top. A versatile layering piece made from a soft cotton blend.",,,taxable,,1,,,0,0,,,,,1,,,29.99,"Women > Tops",,,https://images.pexels.com/photos/1852382/pexels-photo-1852382.jpeg?auto=compress&cs=tinysrgb&w=600,,,,,,,,,0,
,simple,CLO-163,,Men's Messenger Bag,1,0,visible,,"A durable canvas messenger bag with leather accents, a padded laptop compartment, and an adjustable shoulder strap.",,,taxable,,1,,,0,0,,,,,1,,,79.99,"Accessories > Bags",,,https://images.pexels.com/photos/1183266/pexels-photo-1183266.jpeg?auto=compress&cs=tinysrgb&w=600,,,,,,,,,0,
,simple,CLO-164,,Women's Rain Jacket,1,0,visible,,"A lightweight, waterproof rain jacket with a drawstring hood and sealed seams.",,,taxable,,1,,,0,0,,,,,1,,,79.00,"Women > Jackets",,,https://images.pexels.com/photos/2204560/pexels-photo-2204560.jpeg?auto=compress&cs=tinysrgb&w=600,,,,,,,,,0,
,simple,CLO-165,,Men's Ankle Socks (5-Pack),1,0,visible,,"A pack of five cushioned ankle socks, designed for athletic comfort. Moisture-wicking fabric.",,,taxable,,1,,,0,0,,,,,1,,,19.99,"Men > Accessories",,,https://images.pexels.com/photos/3755706/pexels-photo-3755706.jpeg?auto=compress&cs=tinysrgb&w=600,,,,,,,,,0,
,simple,CLO-166,,Women's Pleated Midi Skirt,1,0,visible,,"An elegant, pleated midi skirt with a comfortable elastic waistband. Shimmering metallic fabric.",,,taxable,,1,,,0,0,,,,,1,,,54.50,"Women > Skirts",,,https://images.pexels.com/photos/5082490/pexels-photo-5082490.jpeg?auto=compress&cs=tinysrgb&w=600,,,,,,,,,0,
,simple,CLO-167,,Men's Pique Polo Shirt,1,0,visible,,"A classic pique polo shirt with a two-button placket and ribbed collar. 100% cotton.",,,taxable,,1,,,0,0,,,,,1,,,35.00,"Men > T-Shirts",,,https://images.pexels.com/photos/4066291/pexels-photo-4066291.jpeg?auto=compress&cs=tinysrgb&w=600,,,,,,,,,0,
,simple,CLO-168,,Women's Ballet Flats,1,0,visible,,"Comfortable and classic ballet flats with a cushioned insole and flexible sole.",,,taxable,,1,,,0,0,,,,,1,,,45.00,"Women > Shoes",,,https://images.pexels.com/photos/1656684/pexels-photo-1656684.jpeg?auto=compress&cs=tinysrgb&w=600,,,,,,,,,0,
,simple,CLO-169,,Men's Denim Jacket (Black),1,0,visible,,"A modern black denim jacket with a slim fit and button-front closure.",,,taxable,,1,,,0,0,,,,,1,,,74.99,"Men > Jackets",,,https://images.pexels.com/photos/7679883/pexels-photo-7679883.jpeg?auto=compress&cs=tinysrgb&w=600,,,,,,,,,0,
,simple,CLO-170,,Women's Cashmere Scarf,1,0,visible,,"An incredibly soft, 100% cashmere scarf. Lightweight but warm, with delicate fringe.",,,taxable,,1,,,0,0,,,,,1,,,99.00,"Accessories > Scarves",,,https://images.pexels.com/photos/4965545/pexels-photo-4965545.jpeg?auto=compress&cs=tinysrgb&w=600,,,,,,,,,0,
,simple,CLO-171,,Men's Lounge Pants,1,0,visible,,"Ultra-soft lounge pants made from a modal-cotton blend. Features a drawstring waist.",,,taxable,,1,,,0,0,,,,,1,,,48.00,"Men > Loungewear",,,https://images.pexels.com/photos/4619747/pexels-photo-4619747.jpeg?auto=compress&cs=tinysrgb&w=600,,,,,,,,,0,
,simple,CLO-172,,Women's Puffer Jacket,1,0,visible,,"A warm, mid-length puffer jacket with a detachable faux-fur hood and zip pockets.",,,taxable,,1,,,0,0,,,,,1,,,119.99,"Women > Jackets",,,https://images.pexels.com/photos/6311687/pexels-photo-6311687.jpeg?auto=compress&cs=tinysrgb&w=600,,,,,,,,,0,
,simple,CLO-173,,Men's Chelsea Boots,1,0,visible,,"Stylish Chelsea boots in dark brown suede, with elastic side panels and a pull-tab.",,,taxable,,1,,,0,0,,,,,1,,,95.00,"Men > Shoes",,,https://images.pexels.com/photos/1598507/pexels-photo-1598507.jpeg?auto=compress&cs=tinysrgb&w=600,,,,,,,,,0,
,simple,CLO-174,,Women's V-Neck Cami,1,0,visible,,"A simple and versatile v-neck camisole. Perfect for layering under blazers or cardigans.",,,taxable,,1,,,0,0,,,,,1,,,22.00,"Women > Tops",,,https://images.pexels.com/photos/1755428/pexels-photo-1755428.jpeg?auto=compress&cs=tinysrgb&w=600,,,,,,,,,0,
,simple,CLO-175,,Unisex Reversible Bucket Hat,1,0,visible,,"A trendy bucket hat that is reversible, offering two color options in one.",,,taxable,,1,,,0,0,,,,,1,,,28.00,"Accessories > Hats",,,https://images.pexels.com/photos/10332856/pexels-photo-10332856.jpeg?auto=compress&cs=tinysrgb&w=600,,,,,,,,,0,
,simple,CLO-176,,Men's Graphic Hoodie,1,0,visible,,"A comfortable pullover hoodie featuring a bold graphic print on the back.",,,taxable,,1,,,0,0,,,,,1,,,59.99,"Men > Hoodies",,,https://images.pexels.com/photos/985635/pexels-photo-985635.jpeg?auto=compress&cs=tinysrgb&w=600,,,,,,,,,0,
,simple,CLO-177,,Women's High-Heel Sandals,1,0,visible,,"Elegant high-heel sandals with a slim ankle strap. Perfect for events and parties.",,,taxable,,1,,,0,0,,,,,1,,,69.99,"Women > Shoes",,,https://images.pexels.com/photos/322207/pexels-photo-322207.jpeg?auto=compress&cs=tinysrgb&w=600,,,,,,,,,0,
,simple,CLO-178,,Men's Utility Vest,1,0,visible,,"A functional utility vest with multiple flap pockets. Great for layering or outdoor activities.",,,taxable,,1,,,0,0,,,,,1,,,62.00,"Men > Jackets",,,https://images.pexels.com/photos/1878821/pexels-photo-1878821.jpeg?auto=compress&cs=tinysrgb&w=600,,,,,,,,,0,
,simple,CLO-179,,Women's Bodycon Dress,1,0,visible,,"A flattering, ribbed-knit bodycon dress with a midi length and long sleeves.",,,taxable,,1,,,0,0,,,,,1,,,58.00,"Women > Dresses",,,https://images.pexels.com/photos/1124468/pexels-photo-1124468.jpeg?auto=compress&cs=tinysrgb&w=600,,,,,,,,,0,
,simple,CLO-180,,Men's Corduroy Pants,1,0,visible,,"Classic 5-pocket corduroy pants with a slim-straight fit. Soft and comfortable.",,,taxable,,1,,,0,0,,,,,1,,,65.00,"Men > Pants",,,https://images.pexels.com/photos/4034515/pexels-photo-4034515.jpeg?auto=compress&cs=tinysrgb&w=600,,,,,,,,,0,
,simple,CLO-181,,Women's Cropped Cardigan,1,0,visible,,"A cute, cropped cardigan with button-front closure. Perfect for pairing with high-waist jeans.",,,taxable,,1,,,0,0,,,,,1,,,45.00,"Women > Knitwear",,,https://images.pexels.com/photos/428340/pexels-photo-428340.jpeg?auto=compress&cs=tinysrgb&w=600,,,,,,,,,0,
,simple,CLO-182,,Men's Windbreaker Jacket,1,0,visible,,"A lightweight, water-resistant windbreaker jacket with a packable hood.",,,taxable,,1,,,0,0,,,,,1,,,59.99,"Men > Jackets",,,https://images.pexels.com/photos/1852382/pexels-photo-1852382.jpeg?auto=compress&cs=tinysrgb&w=600,,,,,,,,,0,
,simple,CLO-183,,Women's Jogger Set,1,0,visible,,"A matching 2-piece jogger set, including a relaxed-fit sweatshirt and matching joggers.",,,taxable,,1,,,0,0,,,,,1,,,89.99,"Women > Loungewear, Women > Sweatshirts",,,https://images.pexels.com/photos/1183266/pexels-photo-1183266.jpeg?auto=compress&cs=tinysrgb&w=600,,,,,,,,,0,
,simple,CLO-184,,Men's Wool Blend Topcoat,1,0,visible,,"A sophisticated single-breasted topcoat made from a warm wool blend. Knee-length.",,,taxable,,1,,,0,0,,,,,1,,,179.99,"Men > Jackets",,,https://images.pexels.com/photos/2204560/pexels-photo-2204560.jpeg?auto=compress&cs=tinysrgb&w=600,,,,,,,,,0,
,simple,CLO-185,,Women's Tie-Front Top,1,0,visible,,"A playful tie-front top with short sleeves and a cropped length.",,,taxable,,1,,,0,0,,,,,1,,,32.00,"Women > Tops",,,https://images.pexels.com/photos/3755706/pexels-photo-3755706.jpeg?auto=compress&cs=tinysrgb&w=600,,,,,,,,,0,
,simple,CLO-186,,Men's Casual Loafers,1,0,visible,,"Comfortable slip-on loafers in faux suede. Perfect for a smart-casual look.",,,taxable,,1,,,0,0,,,,,1,,,55.00,"Men > Shoes",,,https://images.pexels.com/photos/5082490/pexels-photo-5082490.jpeg?auto=compress&cs=tinysrgb&w=600,,,,,,,,,0,
,simple,CLO-187,,Women's High-Top Sneakers,1,0,visible,,"Classic canvas high-top sneakers with a durable rubber sole.",,,taxable,,1,,,0,0,,,,,1,,,65.00,"Women > Shoes",,,https://images.pexels.com/photos/4066291/pexels-photo-4066291.jpeg?auto=compress&cs=tinysrgb&w=600,,,,,,,,,0,
,simple,CLO-188,,Men's Henley T-Shirt (Short Sleeve),1,0,visible,,"A short-sleeve henley shirt with a three-button placket. Made from soft slub cotton.",,,taxable,,1,,,0,0,,,,,1,,,28.99,"Men > T-Shirts",,,https://images.pexels.com/photos/1656684/pexels-photo-1656684.jpeg?auto=compress&cs=tinysrgb&w=600,,,,,,,,,0,
,simple,CLO-189,,Women's Kimono,1,0,visible,,"A lightweight, open-front kimono with a vibrant floral or paisley print. Great as a cover-up.",,,taxable,,1,,,0,0,,,,,1,,,42.00,"Women > Tops, Women > Jackets",,,https://images.pexels.com/photos/7679883/pexels-photo-7679883.jpeg?auto=compress&cs=tinysrgb&w=600,,,,,,,,,0,
,simple,CLO-190,,Men's Braided Leather Bracelet,1,0,visible,,"A stylish bracelet made from braided genuine leather with a stainless steel magnetic clasp.",,,taxable,,1,,,0,0,,,,,1,,,25.00,"Accessories > Jewelry",,,https://images.pexels.com/photos/4965545/pexels-photo-4965545.jpeg?auto=compress&cs=tinysrgb&w=600,,,,,,,,,0,
,simple,CLO-191,,Women's Ruffled Mini Skirt,1,0,visible,,"A cute, layered mini skirt with ruffle details and a comfortable elastic waist.",,,taxable,,1,,,0,0,,,,,1,,,39.99,"Women > Skirts",,,https://images.pexels.com/photos/4619747/pexels-photo-4619747.jpeg?auto=compress&cs=tinysrgb&w=600,,,,,,,,,0,
,simple,CLO-192,,Men's Thermal Long-Sleeve,1,0,visible,,"A waffle-knit thermal long-sleeve shirt. Perfect as a base layer or on its own.",,,taxable,,1,,,0,0,,,,,1,,,36.00,"Men > T-Shirts",,,https://images.pexels.com/photos/6311687/pexels-photo-6311687.jpeg?auto=compress&cs=tinysrgb&w=600,,,,,,,,,0,
,simple,CLO-193,,Women's Fedora Hat,1,0,visible,,"A stylish wool-felt fedora hat with a wide brim and a simple ribbon band.",,,taxable,,1,,,0,0,,,,,1,,,48.00,"Accessories > Hats",,,https://images.pexels.com/photos/1598507/pexels-photo-1598507.jpeg?auto=compress&cs=tinysrgb&w=600,,,,,,,,,0,
,simple,CLO-194,,Men's Plaid Scarf,1,0,visible,,"A classic plaid scarf made from a soft, brushed acrylic. Keeps you warm and stylish.",,,taxable,,1,,,0,0,,,,,1,,,29.99,"Accessories > Scarves",,,https://images.pexels.com/photos/1755428/pexels-photo-1755428.jpeg?auto=compress&cs=tinysrgb&w=600,,,,,,,,,0,
,simple,CLO-195,,Women's Statement Necklace,1,0,visible,,"A bold statement necklace with layered chains and geometric pendants.",,,taxable,,1,,,0,0,,,,,1,,,35.00,"Accessories > Jewelry",,,https://images.pexels.com/photos/10332856/pexels-photo-10332856.jpeg?auto=compress&cs=tinysrgb&w=600,,,,,,,,,0,
,simple,CLO-196,,Men's Jogger Sweatpants,1,0,visible,,"Classic fleece-lined jogger sweatpants with side pockets and a drawstring waist.",,,taxable,,1,,,0,0,,,,,1,,,45.00,"Men > Pants",,,https://images.pexels.com/photos/985635/pexels-photo-985635.jpeg?auto=compress&cs=tinysrgb&w=600,,,,,,,,,0,
,simple,CLO-197,,Women's Lounge Shorts,1,0,visible,,"Soft, lightweight lounge shorts with a comfortable elastic waistband and drawstring.",,,taxable,,1,,,0,0,,,,,1,,,25.00,"Women > Loungewear, Women > Pants > Shorts",,,https://images.pexels.com/photos/322207/pexels-photo-322207.jpeg?auto=compress&cs=tinysrgb&w=600,,,,,,,,,0,
,simple,CLO-198,,Men's Weekender Bag,1,0,visible,,"A large, durable canvas weekender bag with leather handles and a detachable shoulder strap.",,,taxable,,1,,,0,0,,,,,1,,,89.99,"Accessories > Bags",,,https://images.pexels.com/photos/1878821/pexels-photo-1878821.jpeg?auto=compress&cs=tinysrgb&w=600,,,,,,,,,0,
,simple,CLO-199,,Women's One-Piece Swimsuit,1,0,visible,,"A flattering one-piece swimsuit with a ruched torso and supportive straps.",,,taxable,,1,,,0,0,,,,,1,,,69.00,"Women > Swimwear",,,https://images.pexels.com/photos/1124468/pexels-photo-1124468.jpeg?auto=compress&cs=tinysrgb&w=600,,,,,,,,,0,
,simple,CLO-200,,Men's Graphic Tank Top,1,0,visible,,"A soft cotton tank top with a vintage-inspired graphic print. Perfect for summer or the gym.",,,taxable,,1,,,0,0,,,,,1,,,22.99,"Men > T-Shirts",,,https://images.pexels.com/photos/4034515/pexels-photo-4034515.jpeg?auto=compress&cs=tinysrgb&w=600,,,,,,,,,0,
,simple,CLO-201,,Women's Hoop Earrings (Gold),1,0,visible,,"Classic, lightweight gold-plated hoop earrings. A timeless accessory.",,,taxable,,1,,,0,0,,,,,1,,,29.50,"Accessories > Jewelry",,,https://images.pexels.com/photos/428340/pexels-photo-428340.jpeg?auto=compress&cs=tinysrgb&w=600,,,,,,,,,0,
,simple,CLO-202,,Men's Leather Biker Jacket,1,0,visible,,"A genuine leather biker jacket with asymmetric zip, multiple pockets, and a belted waist.",,,taxable,,1,,,0,0,,,,,1,,,249.99,"Men > Jackets",,,https://images.pexels.com/photos/1852382/pexels-photo-1852382.jpeg?auto=compress&cs=tinysrgb&w=600,,,,,,,,,0,
,simple,CLO-203,,Women's Faux Suede Leggings,1,0,visible,,"High-waist leggings made from a soft, stretchy faux suede fabric. Adds texture to any outfit.",,,taxable,,1,,,0,0,,,,,1,,,55.00,"Women > Pants",,,https://images.pexels.com/photos/1183266/pexels-photo-1183266.jpeg?auto=compress&cs=tinysrgb&w=600,,,,,,,,,0,
,simple,CLO-204,,Men's Flannel Pajama Set,1,0,visible,,"A cozy 2-piece flannel pajama set with a button-down top and matching pants.",,,taxable,,1,,,0,0,,,,,1,,,65.00,"Men > Loungewear",,,https://images.pexels.com/photos/2204560/pexels-photo-2204560.jpeg?auto=compress&cs=tinysrgb&w=600,,,,,,,,,0,
,simple,CLO-205,,Women's Peplum Top,1,0,visible,,"A stylish peplum top with a fitted waist and flared hem. Features short sleeves.",,,taxable,,1,,,0,0,,,,,1,,,39.00,"Women > Tops",,,https://images.pexels.com/photos/3755706/pexels-photo-3755706.jpeg?auto=compress&cs=tinysrgb&w=600,,,,,,,,,0,
,simple,CLO-206,,Men's Canvas Slip-On Shoes,1,0,visible,,"Casual canvas slip-on shoes with a comfortable footbed and flexible rubber sole.",,,taxable,,1,,,0,0,,,,,1,,,49.99,"Men > Shoes",,,https://images.pexels.com/photos/5082490/pexels-photo-5082490.jpeg?auto=compress&cs=tinysrgb&w=600,,,,,,,,,0,
,simple,CLO-207,,Women's Silk Scarf,1,0,visible,,"A beautiful square scarf made from 100% pure silk with a hand-rolled hem.",,,taxable,,1,,,0,0,,,,,1,,,45.00,"Accessories > Scarves",,,https://images.pexels.com/photos/4066291/pexels-photo-4066291.jpeg?auto=compress&cs=tinysrgb&w=600,,,,,,,,,0,
,simple,CLO-208,,Men's Quilted Jacket,1,0,visible,,"A lightweight quilted jacket with a stand-up collar and snap-button front.",,,taxable,,1,,,0,0,,,,,1,,,85.00,"Men > Jackets",,,https://images.pexels.com/photos/1656684/pexels-photo-1656684.jpeg?auto=compress&cs=tinysrgb&w=600,,,,,,,,,0,
,simple,CLO-209,,Women's Oversized Sunglasses,1,0,visible,,"Glamorous oversized sunglasses with a thick acetate frame and gradient lenses.",,,taxable,,1,,,0,0,,,,,1,,,59.00,"Accessories > Sunglasses",,,https://images.pexels.com/photos/7679883/pexels-photo-7679883.jpeg?auto=compress&cs=tinysrgb&w=600,,,,,,,,,0,
,simple,CLO-210,,Men's Dress Shirt (Slim Fit),1,0,visible,,"A slim-fit dress shirt in crisp white cotton. Features a spread collar and French cuffs.",,,taxable,,1,,,0,0,,,,,1,,,69.99,"Men > T-Shirts",,,https://images.pexels.com/photos/4965545/pexels-photo-4965545.jpeg?auto=compress&cs=tinysrgb&w=600,,,,,,,,,0,
,simple,CLO-211,,Women's Tunic Top,1,0,visible,,"A long, flowy tunic top perfect for pairing with leggings. Features a v-neck and 3/4 sleeves.",,,taxable,,1,,,0,0,,,,,1,,,42.99,"Women > Tops",,,https://images.pexels.com/photos/4619747/pexels-photo-4619747.jpeg?auto=compress&cs=tinysrgb&w=600,,,,,,,,,0,
,simple,CLO-212,,Men's Running T-Shirt,1,0,visible,,"A breathable, moisture-wicking running t-shirt with reflective details for visibility.",,,taxable,,1,,,0,0,,,,,1,,,34.00,"Men > Sportswear",,,https://images.pexels.com/photos/6311687/pexels-photo-6311687.jpeg?auto=compress&cs=tinysrgb&w=600,,,,,,,,,0,
,simple,CLO-213,,Women's Yoga Mat Bag,1,0,visible,,"A stylish and functional bag designed to carry a standard yoga mat. Features an outer pocket.",,,taxable,,1,,,0,0,,,,,1,,,30.00,"Accessories > Bags, Women > Sportswear",,,https://images.pexels.com/photos/1598507/pexels-photo-1598507.jpeg?auto=compress&cs=tinysrgb&w=600,,,,,,,,,0,
,simple,CLO-214,,Men's Leather Wallet,1,0,visible,,"A slim, bifold wallet made from genuine leather with RFID-blocking technology.",,,taxable,,1,,,0,0,,,,,1,,,45.00,"Accessories > Belts",,,https://images.pexels.com/photos/1755428/pexels-photo-1755428.jpeg?auto=compress&cs=tinysrgb&w=600,,,,,,,,,0,
,simple,CLO-215,,Women's Fleece Robe,1,0,visible,,"A plush, full-length fleece robe with a shawl collar and tie-waist. Incredibly soft and warm.",,,taxable,,1,,,0,0,,,,,1,,,62.00,"Women > Loungewear",,,https://images.pexels.com/photos/10332856/pexels-photo-10332856.jpeg?auto=compress&cs=tinysrgb&w=600,,,,,,,,,0,
,simple,CLO-216,,Men's Cargo Joggers,1,0,visible,,"Modern cargo pants with a slim, jogger-style fit and cuffed ankles.",,,taxable,,1,,,0,0,,,,,1,,,58.00,"Men > Pants",,,https://images.pexels.com/photos/985635/pexels-photo-985635.jpeg?auto=compress&cs=tinysrgb&w=600,,,,,,,,,0,
,simple,CLO-217,,Women's Denim Skirt (Knee-Length),1,0,visible,,"A classic A-line denim skirt that hits just at the knee. 5-pocket styling.",,,taxable,,1,,,0,0,,,,,1,,,49.99,"Women > Skirts",,,https://images.pexels.com/photos/322207/pexels-photo-322207.jpeg?auto=compress&cs=tinysrgb&w=600,,,,,,,,,0,
,simple,CLO-218,,Men's Running Shoes,1,0,visible,,"Lightweight running shoes with responsive cushioning and a breathable mesh upper.",,,taxable,,1,,,0,0,,,,,1,,,119.99,"Men > Shoes, Men > Sportswear",,,https://images.pexels.com/photos/1878821/pexels-photo-1878821.jpeg?auto=compress&cs=tinysrgb&w=600,,,,,,,,,0,
,simple,CLO-219,,Women's Leather Satchel,1,0,visible,,"A structured satchel bag made from real leather with a top handle and removable shoulder strap.",,,taxable,,1,,,0,0,,,,,1,,,139.00,"Accessories > Bags",,,https://images.pexels.com/photos/1124468/pexels-photo-1124468.jpeg?auto=compress&cs=tinysrgb&w=600,,,,,,,,,0,
,simple,CLO-220,,Men's Wool-Blend Scarf,1,0,visible,,"A sophisticated scarf in a subtle herringbone pattern. Made from a soft wool-blend.",,,taxable,,1,,,0,0,,,,,1,,,39.99,"Accessories > Scarves",,,https://images.pexels.com/photos/4034515/pexels-photo-4034515.jpeg?auto=compress&cs=tinysrgb&w=600,,,,,,,,,0,